SN,Team,Percentage,Wins,Total
1,Canary Islands,0.75,3,4
2,Andalusia,0.5714285714285714,8,14
3,Yorkshire,0.5555555555555556,5,9
4,Asturias,0.5,1,2
5,Padania,0.5,29,58
6,Surrey,0.5,1,2
7,Parishes of Jersey,0.5,2,4
8,Jersey,0.47413793103448276,55,116
9,Basque Country,0.45121951219512196,37,82
10,Brazil,0.4483500717360115,625,1394
